question,answer,image_url,retrieved_url
How does the functionality of a 2-input AND gate facilitate decision-making processes in digital systems?,"A 2-input AND gate facilitates decision-making processes in digital systems by outputting a true (or high) signal only when both of its inputs are true. This allows the AND gate to act as a logical decision point, confirming that multiple required conditions are met simultaneously before executing subsequent actions or processes.",https://qkbjnciqtosdvknjsqeo.supabase.co/storage/v1/object/public/images/public/2-input-and-gate.png?,https://qkbjnciqtosdvknjsqeo.supabase.co/storage/v1/object/public/images/public/3-input-or-gate.png?
How would the functionality of a digital system be impacted if an OR gate in its circuit was mistakenly replaced with an AND gate?,"If an OR gate is mistakenly replaced with an AND gate in a digital system, the functionality would be impacted as follows: Outputs that were supposed to be true (1) when at least one of the inputs is true would instead only be true when all inputs are true. This would likely cause certain conditions to fail, leading to incorrect or unpredictable behavior in the circuit's operation.",https://qkbjnciqtosdvknjsqeo.supabase.co/storage/v1/object/public/images/public/2-input-or-gate.PNG?,https://qkbjnciqtosdvknjsqeo.supabase.co/storage/v1/object/public/images/public/3-input-or-gate.png?
How does the role of a 3-input AND gate in implementing control logic in microprocessors relate to its use in digital communication systems?,"A 3-input AND gate in microprocessors is used to execute specific control logic by allowing an output signal only when all three input conditions are met, thus enabling precise control and decision-making in processing tasks. In digital communication systems, a 3-input AND gate performs a similar function by controlling data transmission paths, ensuring that three specific conditions are satisfied before data is sent or received, which is crucial for error-checking and signal integrity. Both applications leverage the AND gate's ability to ensure that multiple required conditions are simultaneously satisfied.",https://qkbjnciqtosdvknjsqeo.supabase.co/storage/v1/object/public/images/public/3-input-and-gate.png?,https://qkbjnciqtosdvknjsqeo.supabase.co/storage/v1/object/public/images/public/3-input-and-gate.png?
"How can the combination of multiple basic logic gates, like 3-input OR gates, lead to the development of complex computational devices?","The combination of multiple basic logic gates, such as 3-input OR gates, can lead to the development of complex computational devices by creating more sophisticated circuits that perform a variety of logical and arithmetic operations. By interconnecting these basic gates in different configurations, one can construct larger components like adders, multiplexers, and flip-flops, which serve as the building blocks of CPUs and other complex processors. This modular approach allows designers to build intricate and powerful systems capable of performing extensive computations and processing tasks.",https://qkbjnciqtosdvknjsqeo.supabase.co/storage/v1/object/public/images/public/3-input-or-gate.png?,https://qkbjnciqtosdvknjsqeo.supabase.co/storage/v1/object/public/images/public/NOR-as-universal-gate.PNG?
How can the functionality of an AND-gate-using-transistor circuit illustrate the importance of both choice and circumstance in achieving a desired outcome?,"An AND-gate using transistors illustrates the need for both choice and circumstance as it requires both inputs (choices) to be high (active) for the output (desired outcome) to be high. If either input is not active, regardless of the status of the other, the output remains low, demonstrating that both specific conditions (circumstances) must be met to achieve the desired result.",https://qkbjnciqtosdvknjsqeo.supabase.co/storage/v1/object/public/images/public/AND-gate-using-transistor.png?,https://qkbjnciqtosdvknjsqeo.supabase.co/storage/v1/object/public/images/public/NOR-as-universal-gate.PNG?
How does the bidirectional switching capability of a DIAC enhance its function in AC power control circuits compared to unidirectional devices?,"The bidirectional switching capability of a DIAC enhances its function in AC power control circuits by allowing it to conduct current in both directions, which facilitates the triggering of devices like TRIACs. This capability enables smooth control and modulation of AC power, improving the efficiency and performance of the circuit compared to unidirectional devices that only conduct in one direction and would require additional components to achieve similar control.",https://qkbjnciqtosdvknjsqeo.supabase.co/storage/v1/object/public/images/public/DIAC-Construction.PNG?,https://qkbjnciqtosdvknjsqeo.supabase.co/storage/v1/object/public/images/public/DIAC-Construction.PNG?
How does the symmetrical nature of a DIAC's characteristics curve enhance its functionality in AC circuits?,"The symmetrical nature of a DIAC's characteristics curve ensures it can conduct current equally well in both directions, enhancing its functionality in AC circuits by allowing it to handle the bi-directional flow of current efficiently. This makes DIACs ideal for triggering devices like TRIACs, which are used for controlling AC power.",https://qkbjnciqtosdvknjsqeo.supabase.co/storage/v1/object/public/images/public/DIAC-characteristics-curve.PNG?,https://qkbjnciqtosdvknjsqeo.supabase.co/storage/v1/object/public/images/public/DIAC-characteristics-curve.PNG?
"How does the reverse biasing of a single junction ensure the high-impedance state of an SCR, despite the favorable forward biasing of other junctions?","In a Silicon Controlled Rectifier (SCR), when the middle junction is reverse-biased, it prevents current flow even if the other junctions are forward-biased, thereby maintaining a high-impedance state. This reverse bias of the middle junction J2 impedes carrier movement, restricting conduction until the SCR is triggered into its conducting state.",https://qkbjnciqtosdvknjsqeo.supabase.co/storage/v1/object/public/images/public/Forward-Blocking-mode-SCR.PNG?,https://qkbjnciqtosdvknjsqeo.supabase.co/storage/v1/object/public/images/public/Forward-Blocking-mode-SCR.PNG?
How does the dual mode of triggering in a Forward-Conducting-Mode Silicon Controlled Rectifier (SCR) enhance its efficiency and control in power management applications?,"The dual mode of triggering in a Forward-Conducting-Mode SCR enhances efficiency and control by allowing the SCR to be turned on using either positive voltage or current. This flexibility ensures more reliable and precise control over power handling, as it can adapt to different input signal conditions, improving response time and optimizing power management.",https://qkbjnciqtosdvknjsqeo.supabase.co/storage/v1/object/public/images/public/Forward-conducting-mode-SCR.PNG?,https://qkbjnciqtosdvknjsqeo.supabase.co/storage/v1/object/public/images/public/Forward-conducting-mode-SCR.PNG?
How does the propagation of the carry-out signal from a full adder influence the design complexity of a multi-bit addition circuit?,"The propagation of the carry-out signal in a full adder introduces carry propagation delay, which affects the overall speed and complexity of multi-bit addition circuits. To handle this, designs such as carry-lookahead adders are used to reduce delay by predicting carry signals more efficiently, whereas ripple carry adders, which are simpler, experience more delay as each full adder must wait for the previous one's carry-out. Thus, carry propagation significantly influences the balance between speed and complexity in adder designs.",https://qkbjnciqtosdvknjsqeo.supabase.co/storage/v1/object/public/images/public/Full-adder-with-truth-table.png?,https://qkbjnciqtosdvknjsqeo.supabase.co/storage/v1/object/public/images/public/Implementation-full-adder-using-half-adder.jpg?
How does the functionality of a Half-Adder contribute to the efficiency of arithmetic operations in digital systems?,"A Half-Adder simplifies arithmetic operations by efficiently performing the basic addition of two single-bit binary numbers, producing a sum and a carry output. This foundational operation allows more complex arithmetic operations, like multi-bit addition, to be constructed by combining multiple Half-Adders, enhancing the speed and scalability of digital systems.",https://qkbjnciqtosdvknjsqeo.supabase.co/storage/v1/object/public/images/public/Half-Adder.png?,https://qkbjnciqtosdvknjsqeo.supabase.co/storage/v1/object/public/images/public/Half-Adder.png?
How does the use of triacs in high-power lamp switching impact the efficiency and reliability of lighting control systems compared to traditional mechanical switches?,"Triacs improve efficiency in high-power lamp switching by enabling precise control of power levels, allowing for smoother dimming and reducing electrical losses. They enhance reliability by eliminating mechanical parts prone to wear and tear, resulting in fewer maintenance issues and longer lifespan, compared to traditional mechanical switches.",https://qkbjnciqtosdvknjsqeo.supabase.co/storage/v1/object/public/images/public/High-Power-Lamp-Switching-Triac-Application.jpeg?,https://qkbjnciqtosdvknjsqeo.supabase.co/storage/v1/object/public/images/public/SCR-as-contractor.PNG?
How does understanding the distinct regions in the IGBT output characteristics diagram aid engineers in ensuring the reliable operation of power electronic circuits?,"Understanding the distinct regions in the IGBT output characteristics diagram aids engineers by providing insights into the device's operational states, such as the cutoff region, active region, and saturation region. This knowledge allows engineers to correctly bias the device, optimize switching performance, ensure efficient heat dissipation, and prevent excessive power loss or failure, thereby ensuring the reliable operation of power electronic circuits.",https://qkbjnciqtosdvknjsqeo.supabase.co/storage/v1/object/public/images/public/IGBT-Characteristics-Diagram.png?,https://qkbjnciqtosdvknjsqeo.supabase.co/storage/v1/object/public/images/public/IGBT-Characteristics-Diagram.png?
How does the integration of the advantages of both bipolar junction transistors and metal oxide semiconductor field-effect transistors in IGBTs enhance their performance in power electronics applications?,"The integration combines the high current-carrying capability of bipolar junction transistors with the high input impedance and fast switching speed of metal oxide semiconductor field-effect transistors. This enhances Insulated Gate Bipolar Transistors (IGBTs) by providing efficient control at high voltages and currents while maintaining low power loss, making them ideal for power electronics applications.",https://qkbjnciqtosdvknjsqeo.supabase.co/storage/v1/object/public/images/public/IGBT-Symbol.png?,https://qkbjnciqtosdvknjsqeo.supabase.co/storage/v1/object/public/images/public/IGBT-internal-structure.jpg?
How does the combination of features from BJTs and MOSFETs in an IGBT contribute to its effectiveness in managing high-voltage and high-power applications?,"The combination of BJTs and MOSFETs in an IGBT provides high input impedance and fast switching speed from the MOSFET, while offering low on-state voltage drop and high current capability from the BJT. This allows the IGBT to effectively handle high-voltage and high-power applications with improved efficiency and reduced losses.",https://qkbjnciqtosdvknjsqeo.supabase.co/storage/v1/object/public/images/public/IGBT-internal-structure.jpg?,https://qkbjnciqtosdvknjsqeo.supabase.co/storage/v1/object/public/images/public/IGBT-equivalent-Circuit.png?
How does the understanding of an IGBT equivalent circuit aid in the improvement of energy efficiency in high-power electronic systems?,"Understanding an IGBT equivalent circuit helps improve energy efficiency by allowing engineers to analyze and optimize its switching characteristics, reduce conduction and switching losses, and enhance thermal management, leading to overall improved performance and efficiency in high-power electronic systems.",https://qkbjnciqtosdvknjsqeo.supabase.co/storage/v1/object/public/images/public/IGBT-equivalent-Circuit.png?,https://qkbjnciqtosdvknjsqeo.supabase.co/storage/v1/object/public/images/public/IGBT-equivalent-Circuit.png?
How does the insulation provided by the SiO2 layer contribute to the efficiency and reliability of IGBTs in electrical and electronic systems?,"The SiO2 layer in IGBTs offers insulation to prevent electrical leakage, reducing power loss and enhancing efficiency. It also protects against thermal and electrical stresses, improving the device's reliability and lifespan in electronic systems.",https://qkbjnciqtosdvknjsqeo.supabase.co/storage/v1/object/public/images/public/IGBT-internal-Constructional-structure.png?,https://qkbjnciqtosdvknjsqeo.supabase.co/storage/v1/object/public/images/public/IGBT-internal-Constructional-structure.png?
How does the use of half adders within a full adder design contribute to the overall efficiency and performance of digital circuits?,"Using half adders within a full adder design simplifies the construction of digital circuits by breaking down complex addition into manageable sub-operations. This modular approach offers efficient computation by utilizing basic logic gates, reducing complexity and enhancing performance through parallel processing and minimized propagation delay.",https://qkbjnciqtosdvknjsqeo.supabase.co/storage/v1/object/public/images/public/Implementation-full-adder-using-half-adder.jpg?,https://qkbjnciqtosdvknjsqeo.supabase.co/storage/v1/object/public/images/public/Implementation-full-adder-using-half-adder.jpg?
How does the operation and versatility of a multimeter enhance the process of diagnosing and maintaining electrical circuits?,"A multimeter's ability to measure voltage, current, and resistance significantly enhances diagnosing and maintaining electrical circuits by quickly identifying faults, verifying connections, and ensuring components operate within specifications, thereby improving efficiency and safety in troubleshooting.",https://qkbjnciqtosdvknjsqeo.supabase.co/storage/v1/object/public/images/public/Multimeter.PNG?,https://qkbjnciqtosdvknjsqeo.supabase.co/storage/v1/object/public/images/public/Multimeter.PNG?
Why might using NAND gates as universal components lead to increased design flexibility in digital circuit construction?,"NAND gates are universal, meaning any other logic gate or digital circuit can be constructed using only NAND gates. This reduces the need for multiple types of gates, simplifies the design process, and increases flexibility in circuit construction.",https://qkbjnciqtosdvknjsqeo.supabase.co/storage/v1/object/public/images/public/NAND-as-universal-gate.PNG?,https://qkbjnciqtosdvknjsqeo.supabase.co/storage/v1/object/public/images/public/NAND-as-universal-gate.PNG?
"How does the concept of using a minimal set of components, like NOR gates, impact the reliability and efficiency of digital system designs?","Using a minimal set of components, like NOR gates, can enhance the reliability and efficiency of digital system designs by simplifying the circuit and reducing complexity. This can lead to a decrease in the number of potential failure points, thereby improving reliability. Additionally, using a single type of gate can streamline manufacturing and reduce costs. However, it may require more gates overall to implement complex functions, which can impact speed and increase power consumption. Therefore, the design must carefully balance simplicity and performance needs.",https://qkbjnciqtosdvknjsqeo.supabase.co/storage/v1/object/public/images/public/NOR-as-universal-gate.PNG?,https://qkbjnciqtosdvknjsqeo.supabase.co/storage/v1/object/public/images/public/NOR-as-universal-gate.PNG?
How does the simplicity and versatility of the NOR-gate influence the design of complex digital systems and circuits?,"The simplicity and versatility of the NOR gate significantly influence the design of complex digital systems by allowing it to be used as a universal gate. With its ability to create any Boolean function, designers can reduce component types and simplify circuit design, leading to easier optimization and potential cost savings.",https://qkbjnciqtosdvknjsqeo.supabase.co/storage/v1/object/public/images/public/NOR-gate.PNG?,https://qkbjnciqtosdvknjsqeo.supabase.co/storage/v1/object/public/images/public/NAND-as-universal-gate.PNG?
"How does the NOT-Gate contribute to the functionality and efficiency of complex digital systems, despite its seemingly simple operation?","The NOT-Gate, or inverter, contributes to digital systems by providing essential logic operations such as signal inversion, which allows for the implementation of more complex logic gates and circuits. It is critical for creating complementary logic states, required for error correction, signal restoration, and ensuring proper logical sequencing in systems. Its simplicity allows for low power consumption and high speed, contributing to overall system efficiency.",https://qkbjnciqtosdvknjsqeo.supabase.co/storage/v1/object/public/images/public/NOT-Gate.png?,https://qkbjnciqtosdvknjsqeo.supabase.co/storage/v1/object/public/images/public/OR-gate-using-transistor.png?
How does the functionality of an OR gate utilizing transistors contribute to the execution of complex computational tasks in digital systems?,"An OR gate using transistors contributes to complex computational tasks by performing logical addition (at least one input is true results in true output), forming the basis for more complex logic operations. These operations are combined in various configurations to execute complex algorithms and processes within digital systems.",https://qkbjnciqtosdvknjsqeo.supabase.co/storage/v1/object/public/images/public/OR-gate-using-transistor.png?,https://qkbjnciqtosdvknjsqeo.supabase.co/storage/v1/object/public/images/public/3-input-or-gate.png?
How does the reverse blocking capability of SCRs enhance their functionality in high-voltage applications?,"The reverse blocking capability of Silicon Controlled Rectifiers (SCRs) enhances their functionality in high-voltage applications by allowing them to withstand and manage reverse voltage without conducting in the reverse direction. This capability ensures that SCRs remain stable and reliable under high-voltage alternating current conditions, reducing the risk of damage from reverse voltage spikes and improving overall device longevity and performance.",https://qkbjnciqtosdvknjsqeo.supabase.co/storage/v1/object/public/images/public/Reverse-blocking-mode-SCR.PNG?,https://qkbjnciqtosdvknjsqeo.supabase.co/storage/v1/object/public/images/public/Reverse-blocking-mode-SCR.PNG?
How does the SCR Crowbar circuit's ability to short-circuit the power supply contribute to its effectiveness in protecting voltage-sensitive loads?,"The SCR Crowbar circuit protects voltage-sensitive loads by rapidly short-circuiting the power supply when overvoltage is detected. This action triggers the SCR to conduct and effectively bypass the load, diverting excess voltage away and preventing damage, while also causing upstream protection devices like fuses or circuit breakers to disconnect the power, ensuring the load is safeguarded.",https://qkbjnciqtosdvknjsqeo.supabase.co/storage/v1/object/public/images/public/SCR-Crowbar-circuit.PNG?,https://qkbjnciqtosdvknjsqeo.supabase.co/storage/v1/object/public/images/public/SCR-Crowbar-circuit.PNG?
How do the design and operational characteristics of an SCR influence its suitability for specific applications like motor control or power supplies?,"The design and operational characteristics of an SCR (Silicon Controlled Rectifier) make it suitable for specific applications like motor control or power supplies due to its ability to handle high voltages and currents, its unidirectional nature allowing controlled rectification, and its capability to switch on/off rapidly. These features enable precise control of power flow, making SCRs ideal for circuits requiring controlled rectification and regulation.",https://qkbjnciqtosdvknjsqeo.supabase.co/storage/v1/object/public/images/public/SCR-Construction.jpg?,https://qkbjnciqtosdvknjsqeo.supabase.co/storage/v1/object/public/images/public/SCR-as-Full-Wave-Rectifier.jpg?
How might the ability to control output voltage in an SCR-based full-wave rectifier impact the efficiency and adaptability of power systems?,"Controlling output voltage in an SCR-based full-wave rectifier enhances efficiency by allowing precise regulation of power delivery, reducing energy waste. It also improves adaptability by enabling swift responses to changing load demands, ensuring optimal performance in varying conditions.",https://qkbjnciqtosdvknjsqeo.supabase.co/storage/v1/object/public/images/public/SCR-as-Full-Wave-Rectifier.jpg?,https://qkbjnciqtosdvknjsqeo.supabase.co/storage/v1/object/public/images/public/SCR.png?
How does the controlled conduction feature of a Silicon-Controlled Rectifier enhance the efficiency and control of DC output in applications like motor drives and renewable energy systems?,"The controlled conduction feature of a Silicon-Controlled Rectifier (SCR) enhances the efficiency and control of DC output in applications by allowing precise regulation of current flow. In motor drives and renewable energy systems, SCRs enable smooth and adjustable power delivery by controlling the phase angle at which the SCR starts to conduct, thus adjusting the average voltage and current applied to the load. This ability to modulate power efficiently reduces losses and improves the performance and lifespan of the equipment.",https://qkbjnciqtosdvknjsqeo.supabase.co/storage/v1/object/public/images/public/SCR-as-Half-Wave-Rectifier.jpg?,https://qkbjnciqtosdvknjsqeo.supabase.co/storage/v1/object/public/images/public/SCR-as-Half-Wave-Rectifier.jpg?
How does the sensitivity to gate trigger timing impact the performance of SCR inverters in dynamic voltage adjustment applications?,"Sensitive gate trigger timing in SCR inverters can affect performance by causing potential issues such as timing errors and inconsistent triggering, leading to inefficient voltage adjustments, potential harmonics, and increased power losses in dynamic voltage applications. Proper timing ensures accurate control and stability.",https://qkbjnciqtosdvknjsqeo.supabase.co/storage/v1/object/public/images/public/SCR-as-Inverter.PNG?,https://qkbjnciqtosdvknjsqeo.supabase.co/storage/v1/object/public/images/public/SCR-as-Inverter.PNG?
How does the compact and maintenance-free nature of SCRs impact their suitability in high-power applications compared to traditional mechanical switches?,"SCRs (Silicon Controlled Rectifiers) are more suitable for high-power applications than traditional mechanical switches due to their compact size, which saves space in equipment design. Additionally, being maintenance-free enhances their reliability and reduces downtime, as they do not require physical parts to wear out or need adjustment. These features make SCRs a more efficient and durable choice for managing high-power loads.",https://qkbjnciqtosdvknjsqeo.supabase.co/storage/v1/object/public/images/public/SCR-as-contractor.PNG?,https://qkbjnciqtosdvknjsqeo.supabase.co/storage/v1/object/public/images/public/SCR-as-contractor.PNG?
How can the threshold voltage and gate current requirements impact the performance and efficiency of an SCR device in practical applications?,"The threshold voltage and gate current requirements of an SCR device impact its performance and efficiency by determining the ease of triggering and biasing conditions, affecting switching speed, power loss, and thermal management. Lower threshold voltage and gate current can reduce power consumption and improve efficiency, but might affect reliability and noise susceptibility.",https://qkbjnciqtosdvknjsqeo.supabase.co/storage/v1/object/public/images/public/SCR-characteristics-curve.PNG?,https://qkbjnciqtosdvknjsqeo.supabase.co/storage/v1/object/public/images/public/SCR-characteristics-curve.PNG?
How does the ability of an SCR to control high current through a small voltage at its gate make it advantageous for use in different power electronics applications?,"The ability of a Silicon Controlled Rectifier (SCR) to control high current with a small voltage at its gate makes it advantageous because it allows precise control of large power devices with minimal input power. This enhances efficiency in applications like motor speed control, light dimming, and power regulation, providing reliable switching with simple control circuitry.",https://qkbjnciqtosdvknjsqeo.supabase.co/storage/v1/object/public/images/public/SCR-construction.PNG?,https://qkbjnciqtosdvknjsqeo.supabase.co/storage/v1/object/public/images/public/SCR.png?
How does the positive feedback loop created by the interconnected pnp and npn transistors in the SCR-equivalent-circuit influence the control and regulation of electrical current in SCR-based systems?,"The positive feedback loop formed by the interconnected pnp and npn transistors in an SCR-equivalent circuit helps maintain the SCR in its conducting state once triggered. The loop ensures that a small initial gate current can switch the device on, allowing a larger current to flow through the anode and cathode. This influences control by enabling efficient switching and current regulation in SCR-based systems, making them ideal for applications like controlled rectifiers and motor speed controllers.",https://qkbjnciqtosdvknjsqeo.supabase.co/storage/v1/object/public/images/public/SCR-equivalent-circuit.PNG?,https://qkbjnciqtosdvknjsqeo.supabase.co/storage/v1/object/public/images/public/SCR-equivalent-circuit.PNG?
How does the use of pulse-width modulation (PWM) in a single-phase IGBT inverter contribute to the efficiency and stability of the AC output it provides?,"Pulse-width modulation (PWM) in a single-phase IGBT inverter enhances efficiency and stability by precisely controlling the switching of the IGBTs. This results in a smoother, more sinusoidal AC output by finely adjusting the duty cycle, reducing harmonic distortion. Additionally, PWM helps regulate the voltage and frequency, improving the inverter's performance and reducing power losses, contributing to a more stable and efficient output.",https://qkbjnciqtosdvknjsqeo.supabase.co/storage/v1/object/public/images/public/Single-phase-IGBT-inverter.PNG?,https://qkbjnciqtosdvknjsqeo.supabase.co/storage/v1/object/public/images/public/Three-phase-IGBT-inverter.PNG?
How does understanding the Symbol-of-SCR contribute to the design and troubleshooting of circuits utilizing Silicon Controlled Rectifiers?,"Understanding the Symbol-of-SCR is crucial as it provides insights into the functionality and operation of Silicon Controlled Rectifiers. It helps in identifying the anode, cathode, and gate terminals, which are essential for the correct connection in a circuit. This knowledge aids in designing circuits by ensuring proper current flow and control, and in troubleshooting, it helps diagnose issues related to triggering problems or incorrect connections.",https://qkbjnciqtosdvknjsqeo.supabase.co/storage/v1/object/public/images/public/Symbol-of-SCR.jpg?,https://qkbjnciqtosdvknjsqeo.supabase.co/storage/v1/object/public/images/public/Symbol-of-SCR.jpg?
How does the bidirectional capability of a TRIAC enhance its application in controlling power within electronic circuits?,"A TRIAC's bidirectional capability allows it to conduct current in both directions, making it effective for controlling AC power in electronic circuits. This feature enables it to efficiently control power flow, regulate voltage, and adjust current levels to appliances, improving their performance and energy efficiency in applications such as light dimmers, motor speed controls, and AC power switching.",https://qkbjnciqtosdvknjsqeo.supabase.co/storage/v1/object/public/images/public/TRIAC-Symbol.png?,https://qkbjnciqtosdvknjsqeo.supabase.co/storage/v1/object/public/images/public/TRIAC-construction.PNG?
How do engineers utilize the understanding of a TRIAC's characteristic curve to optimize the performance of AC power control circuits in practical applications?,"Engineers use the TRIAC's characteristic curve to understand its on-state voltage drop, gate trigger current, and commutation characteristics. This helps them select an appropriate TRIAC for the load requirements, ensure efficient switching, and minimize power loss. By analyzing the curve, they can optimize gate drive circuits and ensure reliable operation across various operating conditions in AC power control applications.",https://qkbjnciqtosdvknjsqeo.supabase.co/storage/v1/object/public/images/public/TRIAC-characteristics-curve.PNG?,https://qkbjnciqtosdvknjsqeo.supabase.co/storage/v1/object/public/images/public/TRIAC-characteristics-curve.PNG?
How does the bidirectional nature of a TRIAC enhance its functionality compared to unidirectional semiconductor devices in AC circuit applications?,"The bidirectional nature of a TRIAC allows it to control current flow in both directions, making it capable of controlling AC power in both halves of the cycle. This enhances its functionality in AC circuit applications by providing more efficient and versatile control over power switching, compared to unidirectional devices that can only manage one direction of current flow.",https://qkbjnciqtosdvknjsqeo.supabase.co/storage/v1/object/public/images/public/TRIAC-construction.PNG?,https://qkbjnciqtosdvknjsqeo.supabase.co/storage/v1/object/public/images/public/TRIAC-construction.PNG?
How does the ability of the TRIAC-equivalent-structure to conduct current in both directions impact its effectiveness in industrial control circuits compared to using just a single Silicon-Controlled Rectifier (SCR)?,"A TRIAC-equivalent-structure can conduct current in both directions, making it effective for AC power control applications in industrial circuits as it allows for bidirectional control with a single device. This reduces the need for additional components compared to using two SCRs, which are unidirectional and would require an inverse parallel configuration for similar functionality, thus simplifying circuit design and improving reliability.",https://qkbjnciqtosdvknjsqeo.supabase.co/storage/v1/object/public/images/public/TRIAC-equivalent-structure.png?,https://qkbjnciqtosdvknjsqeo.supabase.co/storage/v1/object/public/images/public/TRIAC-equivalent-structure.png?
How does the principle of pulse-width modulation (PWM) contribute to the efficiency and reliability of a three-phase IGBT inverter?,"Pulse-width modulation (PWM) enhances the efficiency and reliability of a three-phase IGBT inverter by controlling the voltage and current output precisely. This technique reduces switching losses and heat generation by adjusting the duty cycle of the pulses, leading to lower power dissipation and improved energy efficiency. Additionally, PWM allows for smoother current waveforms which decreases mechanical stress on motor loads and enhances the overall reliability of the inverter system.",https://qkbjnciqtosdvknjsqeo.supabase.co/storage/v1/object/public/images/public/Three-phase-IGBT-inverter.PNG?,https://qkbjnciqtosdvknjsqeo.supabase.co/storage/v1/object/public/images/public/Three-phase-IGBT-inverter.PNG?
How can understanding the concept of a negative resistance region in electronic components contribute to the development of innovative circuit designs?,"Understanding the negative resistance region in electronic components, like tunnel diodes, allows engineers to design circuits that exploit this behavior for applications such as oscillators, amplifiers, and switching circuits. It can lead to innovative designs by enabling smaller, more efficient, and faster-operating systems, expanding possibilities in telecommunications and signal processing.",https://qkbjnciqtosdvknjsqeo.supabase.co/storage/v1/object/public/images/public/UJT-characteristics-curve.jpg?,https://qkbjnciqtosdvknjsqeo.supabase.co/storage/v1/object/public/images/public/UJT-equivalent-circuit.PNG?
How does understanding the negative resistance region in a UJT's equivalent circuit influence the design of trigger circuits and their performance?,"Understanding the negative resistance region in a UJT's equivalent circuit is crucial for designing efficient trigger circuits, as it allows the UJT to act as a switch. This region enables precise control over the firing angle in applications like phase control and timing circuits, improving response time and stability. It facilitates the design of circuits that require quick and predictable switching by allowing the UJT to transition from high to low resistance, effectively controlling the output with minimal distortion or delay.",https://qkbjnciqtosdvknjsqeo.supabase.co/storage/v1/object/public/images/public/UJT-equivalent-circuit.PNG?,https://qkbjnciqtosdvknjsqeo.supabase.co/storage/v1/object/public/images/public/UJT-equivalent-circuit.PNG?
How does the unique operating characteristic of a unijunction transistor enhance its functionality in switching applications?,"The unijunction transistor (UJT) has a unique characteristic curve that provides a negative resistance region, which enhances its functionality in switching applications. This feature allows the UJT to easily oscillate and switch within circuits, making it ideal for use in timing, triggering, and waveform generation applications. Its simplicity and low power consumption further contribute to its effectiveness in these roles.",https://qkbjnciqtosdvknjsqeo.supabase.co/storage/v1/object/public/images/public/UJT-symbol.PNG?,https://qkbjnciqtosdvknjsqeo.supabase.co/storage/v1/object/public/images/public/UJT-characteristics-curve.jpg?
How does the integration of a rectifier circuit enhance the versatility of a Vacuum Tube Voltmeter in practical engineering applications?,"The integration of a rectifier circuit in a Vacuum Tube Voltmeter (VTVM) allows it to measure both AC and DC voltages, enhancing its versatility in practical engineering applications by providing more comprehensive and accurate measurements across diverse scenarios.",https://qkbjnciqtosdvknjsqeo.supabase.co/storage/v1/object/public/images/public/VTVM-for-ac-voltage-measurment.PNG?,https://qkbjnciqtosdvknjsqeo.supabase.co/storage/v1/object/public/images/public/VTVM-for-ac-voltage-measurment.PNG?
How does the unique ability of the NOR gate to produce a high output only when all its inputs are low make it a versatile component in the design of complex digital circuits?,"The NOR gate's ability to produce a high output only when all its inputs are low allows it to function as a universal gate, meaning it can be used to construct any other type of gate or digital circuit, making it extremely versatile in the design of complex digital circuits.",https://qkbjnciqtosdvknjsqeo.supabase.co/storage/v1/object/public/images/public/What-is-NOR-Gate.png?,https://qkbjnciqtosdvknjsqeo.supabase.co/storage/v1/object/public/images/public/NAND-as-universal-gate.PNG?
"How does the integration of components such as amplifiers, filters, and trigger circuits enhance the functionality of a Cathode-Ray Oscilloscope in signal analysis and troubleshooting?","The integration of amplifiers, filters, and trigger circuits in a Cathode-Ray Oscilloscope enhances its functionality by improving signal clarity and analysis. Amplifiers increase the signal's amplitude for better visibility and measurement. Filters help in isolating specific frequency components, allowing for more focused analysis. Trigger circuits stabilize the waveform display by synchronizing the start point of repetitive signals, making it easier to analyze and troubleshoot.",https://qkbjnciqtosdvknjsqeo.supabase.co/storage/v1/object/public/images/public/What-is-a-Cathode-Ray-Oscilloscope.jpg?,https://qkbjnciqtosdvknjsqeo.supabase.co/storage/v1/object/public/images/public/What-is-a-Cathode-Ray-Oscilloscope.jpg?
How does the non-linear property of the XOR gate contribute to its effectiveness in cryptographic applications?,"The non-linear property of the XOR gate contributes to its effectiveness in cryptographic applications by making it difficult to reverse-engineer or predict the output from the input. This non-linearity introduces complexity and unpredictability, essential for creating secure cryptographic ciphers, as it ensures that small changes in the input produce seemingly uncorrelated changes in the output.",https://qkbjnciqtosdvknjsqeo.supabase.co/storage/v1/object/public/images/public/XOR-Gate.png?,https://qkbjnciqtosdvknjsqeo.supabase.co/storage/v1/object/public/images/public/XOR-Gate.png?
How does the precise alignment and interaction of internal components in a CRT display device contribute to its ability to produce a high-quality image with good resolution and color accuracy?,"In a CRT display, the precise alignment and interaction of internal components like electron guns, phosphor-coated screens, and deflection systems highly impact image quality. The electron guns must accurately direct beams to hit the correct phosphor dots or stripes, ensuring pixel precision. The deflection system precisely aligns the electron beams across the screen for consistent image scanning. Proper alignment ensures that the beams hit the intended phosphors, maintaining good resolution and sharpness. Additionally, the convergence and purity adjustments ensure beams excite only designated colors for accurate color reproduction, enhancing overall image quality with vibrant and accurate color fidelity.",https://qkbjnciqtosdvknjsqeo.supabase.co/storage/v1/object/public/images/public/internal-structure-of-CRT.jpg?,https://qkbjnciqtosdvknjsqeo.supabase.co/storage/v1/object/public/images/public/internal-structure-of-CRT.jpg?
How does the latching property of a thyristor enhance its role in maintaining a circuit's state until specific conditions are met?,"The latching property of a thyristor allows it to maintain its conducting state once it has been triggered, even after the gate signal is removed. This enhances its role in maintaining a circuit's state until specific conditions, such as a reduction in current below a certain threshold or application of a voltage reversal, are met to turn it off. This ensures stability and reliability in applications like power control, where maintaining the state is critical until the desired operation is complete.",https://qkbjnciqtosdvknjsqeo.supabase.co/storage/v1/object/public/images/public/thyristor-symbol.png?,https://qkbjnciqtosdvknjsqeo.supabase.co/storage/v1/object/public/images/public/thyristor-symbol.png?
How does a clamper circuit in electronic devices like audio amplifiers ensure compatibility with different operating voltages?,"A clamper circuit adjusts the DC level of a signal without altering its shape, ensuring compatibility with different operating voltages by adding a fixed DC level to the AC signal. This allows audio amplifiers to accommodate varying input voltages, aligning them within the acceptable range for optimal performance and preventing distortion or clipping.",https://qkbjnciqtosdvknjsqeo.supabase.co/storage/v1/object/public/images/public/Clamper.jpg?,https://qkbjnciqtosdvknjsqeo.supabase.co/storage/v1/object/public/images/public/Clamper.jpg?
How can the modification of resistor and capacitor values in an astable multivibrator circuit using a 555 timer IC influence the frequency of its oscillation?,"Modifying the resistor and capacitor values in a 555 timer astable multivibrator circuit changes the charge and discharge times of the capacitor, directly influencing the frequency of oscillation. Increasing resistor or capacitor values results in a lower frequency, while decreasing them leads to a higher frequency.",https://qkbjnciqtosdvknjsqeo.supabase.co/storage/v1/object/public/images/public/Astable-Multivibrator-using-555-Timer-IC.png?,https://qkbjnciqtosdvknjsqeo.supabase.co/storage/v1/object/public/images/public/Astable-Multivibrator-using-555-Timer-IC.png?
How does the principle of controlling current flow through the base voltage contribute to the versatility of the BJT in various electronic applications?,"The principle of controlling current flow through the base voltage in a Bipolar Junction Transistor (BJT) allows it to function as an amplifier or switch. By modulating the base voltage, small base current changes can produce large variations in collector-emitter current, providing amplification. This makes BJTs versatile for use in signal amplification and switching applications across electronics.",https://qkbjnciqtosdvknjsqeo.supabase.co/storage/v1/object/public/images/public/Bipolar-Junction-Transistor.jpeg?,https://qkbjnciqtosdvknjsqeo.supabase.co/storage/v1/object/public/images/public/PNP-BIPOLAR-Junction.png?
Why are Class A amplifiers preferred in applications requiring high fidelity and accurate signal representation?,"Class A amplifiers are preferred for high fidelity and accurate signal representation because they operate in the linear region of their output characteristics, allowing them to provide a consistent and low-distortion output with minimal signal clipping. This ensures that the audio signal is amplified accurately without alteration, making them ideal for applications requiring precise sound reproduction.",https://qkbjnciqtosdvknjsqeo.supabase.co/storage/v1/object/public/images/public/CLASS-A-AMPLIFIER.png?,https://qkbjnciqtosdvknjsqeo.supabase.co/storage/v1/object/public/images/public/CLASS-A-AMPLIFIER.png?
How does the use of a DARLINGTON-PNP transistor configuration benefit the design of electronic circuits that require high current control?,"A Darlington-PNP transistor configuration benefits electronic circuit design by providing high current gain, allowing a small base current to control a much larger collector-emitter current. This makes it ideal for applications requiring efficient high current control.",https://qkbjnciqtosdvknjsqeo.supabase.co/storage/v1/object/public/images/public/DARLINGTON-PNP.png?,https://qkbjnciqtosdvknjsqeo.supabase.co/storage/v1/object/public/images/public/DARLINGTON-PNP.png?
How does the high current gain of a Darlington transistor enhance its performance in applications requiring the control of high-current loads?,"The high current gain of a Darlington transistor enhances its performance by allowing it to control high-current loads with a smaller input current. This is because a Darlington pair consists of two transistors connected in such a way that the overall current gain is the product of the gains of each transistor, resulting in significantly amplified input current. This makes Darlington transistors ideal for applications where high current must be managed with minimal input power.",https://qkbjnciqtosdvknjsqeo.supabase.co/storage/v1/object/public/images/public/DARLINGTON1-NPN.png?,https://qkbjnciqtosdvknjsqeo.supabase.co/storage/v1/object/public/images/public/DARLINGTON1-NPN.png?
How can understanding the diode-characteristics curve influence the design choices and reliability of electronic systems?,"Understanding the diode-characteristics curve is crucial for selecting the right diode for specific applications, ensuring optimal performance and reliability of electronic systems. It provides key information about the diode's forward voltage drop, reverse breakdown voltage, and current-handling capabilities, helping to prevent overheating, ensure efficient power management, and avoid component failure under different operating conditions.",https://qkbjnciqtosdvknjsqeo.supabase.co/storage/v1/object/public/images/public/Diode-Characteristics-Curve.png?,https://qkbjnciqtosdvknjsqeo.supabase.co/storage/v1/object/public/images/public/Diode-Characteristics-Curve.png?
In what ways does the property of high input impedance in Field-Effect Transistors (FETs) contribute to their suitability for audio applications like amplifiers and equalizers?,"High input impedance in FETs minimizes the loading effect on the preceding stage, preserving signal integrity by not drawing much current. This results in a cleaner audio signal and makes FETs highly suitable for applications like amplifiers and equalizers, where signal integrity is crucial.",https://qkbjnciqtosdvknjsqeo.supabase.co/storage/v1/object/public/images/public/Field-Effect-Transistor.jpg?,https://qkbjnciqtosdvknjsqeo.supabase.co/storage/v1/object/public/images/public/Field-Effect-Transistor.jpg?
How do forward-biasing circuits play a crucial role in the conversion and regulation of electrical energy in electronic devices?,"Forward-biasing circuits allow current to flow easily through semiconductor components like diodes and transistors, facilitating the conversion and regulation of electrical energy. This results in efficient power management in devices, as they help in rectification, voltage regulation, and switching operations essential for stable and reliable operation.",https://qkbjnciqtosdvknjsqeo.supabase.co/storage/v1/object/public/images/public/forward-biasing-circuit.jpg?,https://qkbjnciqtosdvknjsqeo.supabase.co/storage/v1/object/public/images/public/rectification.jpg?
How does the unique energy band structure of a tunnel diode enable its application in high-frequency electronic circuits?,"The unique energy band structure of a tunnel diode allows it to exhibit negative resistance due to quantum tunneling. This characteristic enables it to switch rapidly and operate efficiently at high frequencies, making it suitable for applications in high-frequency electronic circuits such as oscillators and fast switching circuits.",https://qkbjnciqtosdvknjsqeo.supabase.co/storage/v1/object/public/images/public/tunnel-diode.jpeg?,https://qkbjnciqtosdvknjsqeo.supabase.co/storage/v1/object/public/images/public/tunnel-diode.jpeg?
How does the stabilization of the base-emitter junction voltage impact the performance of a transistor-based amplifier in electronic circuits?,"The stabilization of the base-emitter junction voltage in a transistor-based amplifier ensures consistent biasing of the transistor, leading to stable operating conditions. This helps maintain linearity, reduces distortion, and improves overall amplifier performance by preventing variations in gain and output signal due to temperature or supply voltage changes.",https://qkbjnciqtosdvknjsqeo.supabase.co/storage/v1/object/public/images/public/transistor-as-an-amplifier.jpg?,https://qkbjnciqtosdvknjsqeo.supabase.co/storage/v1/object/public/images/public/transistor-as-an-amplifier.jpg?
How do the unique characteristics of a sawtooth waveform influence its role in applications such as voltage regulation and frequency synthesis in electronic circuits?,A sawtooth waveform's linear ramping characteristics make it ideal for voltage regulation and frequency synthesis as it provides a predictable change in voltage over time. This characteristic allows for precise control in applications such as pulse-width modulation in voltage regulators and generating precise timing signals in frequency synthesizers.,https://qkbjnciqtosdvknjsqeo.supabase.co/storage/v1/object/public/images/public/sawtooth-generator.png?,https://qkbjnciqtosdvknjsqeo.supabase.co/storage/v1/object/public/images/public/sawtooth-generator.png?
How might the stability of a crystal oscillator circuit impact the performance of a digital device or communication system?,"The stability of a crystal oscillator circuit directly impacts the performance of a digital device or communication system by ensuring accurate timing and frequency. This stability affects the synchronization of data transmission, reduces errors, and maintains efficient operation. Unstable oscillators can lead to timing errors, data corruption, and reduced overall system reliability.",https://qkbjnciqtosdvknjsqeo.supabase.co/storage/v1/object/public/images/public/crystal-oscillator-circuit.jpg?,https://qkbjnciqtosdvknjsqeo.supabase.co/storage/v1/object/public/images/public/crystal-oscillator-circuit.jpg?
How can the integration of strobes into larger systems enhance the functionality and safety of those systems in various applications?,"The integration of strobes into larger systems enhances functionality and safety by providing clear visual alerts for emergencies, drawing attention in noisy environments, and assisting in process synchronization. This can be particularly useful in applications such as industrial automation, traffic management, and emergency services.",https://qkbjnciqtosdvknjsqeo.supabase.co/storage/v1/object/public/images/public/STrobe.png?,https://qkbjnciqtosdvknjsqeo.supabase.co/storage/v1/object/public/images/public/STrobe.png?
How does the reverse-bias condition of a PN junction contribute to the functionality of solar cells and voltage regulators?,"In solar cells, the reverse-bias condition is not primarily utilized for energy generation; instead, solar cells operate in the forward-bias mode to convert light into electricity. However, the reverse-bias condition is important for creating a high electric field across the depletion region, which aids the separation and collection of photogenerated electron-hole pairs, enhancing efficiency.

In voltage regulators, particularly Zener diodes, the reverse-bias condition is critical. It maintains a stable reference voltage as it allows breakdown to occur at a specific, controlled voltage level, ensuring the output voltage remains constant despite variations in the input voltage or load conditions.",https://qkbjnciqtosdvknjsqeo.supabase.co/storage/v1/object/public/images/public/reverse_pn_junction.jpeg?,https://qkbjnciqtosdvknjsqeo.supabase.co/storage/v1/object/public/images/public/reverse_pn_junction.jpeg?
How does the feedback loop in an SR flip-flop circuit ensure data storage and stability in its output state?,"In an SR flip-flop, the feedback loop ensures data storage and stability by maintaining the output state until an input signal changes it. The loop is formed by connecting the output of the flip-flop back to its input, creating a latch that holds the last set state. This allows the flip-flop to retain its state even when the input signal is removed, thus ensuring data stability and storage.",https://qkbjnciqtosdvknjsqeo.supabase.co/storage/v1/object/public/images/public/flip-flop-circuit.png?,https://qkbjnciqtosdvknjsqeo.supabase.co/storage/v1/object/public/images/public/flip-flop-circuit.png?
How does the configuration of the components in a Colpitts oscillator ensure its effectiveness in producing a stable frequency for RF applications?,"The Colpitts oscillator uses a tank circuit consisting of two capacitors in series and an inductor in parallel. This configuration provides a feedback loop necessary for oscillation, with the capacitors determining the frequency stability. The voltage divider formed by the capacitors ensures consistent amplitude and phase conditions, promoting stable oscillation suitable for RF applications.",https://qkbjnciqtosdvknjsqeo.supabase.co/storage/v1/object/public/images/public/colpitts-oscillator-circuit.png?,https://qkbjnciqtosdvknjsqeo.supabase.co/storage/v1/object/public/images/public/colpitts-oscillator-circuit.png?
"How does the feedback loop involving a capacitor, diode, and resistors contribute to the stability and efficiency of a circuit requiring a stable voltage reference?","The feedback loop involving a capacitor, diode, and resistors helps stabilize and regulate voltage by smoothing out fluctuations and maintaining a constant output. The capacitor filters out noise and provides a smooth power supply. The diode ensures unidirectional current flow, protecting the circuit. The resistors control current flow and voltage levels, enabling precise adjustments. This combination contributes to stability and efficiency in circuits requiring stable voltage references.",https://qkbjnciqtosdvknjsqeo.supabase.co/storage/v1/object/public/images/public/bootstrap-capacitor-in-circuit.png?,https://qkbjnciqtosdvknjsqeo.supabase.co/storage/v1/object/public/images/public/bootstrap-capacitor-in-circuit.png?
How can the versatility of a 555 timer IC be applied to improve the efficiency and reliability of electronic control systems in various engineering applications?,"The versatility of a 555 timer IC can be leveraged in electronic control systems through its ability to function as a timer, pulse generator, or oscillator. By using it for timing adjustments, pulse-width modulation, and frequency generation, engineers can improve the precision and responsiveness of systems. Additionally, its reliability, simplicity, and low cost make it suitable for applications requiring consistent performance, such as motor control, PWM for LED dimming, or sensor signal processing, enhancing overall system efficiency.",https://qkbjnciqtosdvknjsqeo.supabase.co/storage/v1/object/public/images/public/adjustable-timer-circuit-using-555-diagram-schematic-960x720.png?,https://qkbjnciqtosdvknjsqeo.supabase.co/storage/v1/object/public/images/public/555_Timer_IC.jpg?
How does the design of a voltage buffer ensure that a load can be driven without compromising the integrity of the input signal?,"A voltage buffer, typically implemented using an op-amp in a voltage follower configuration, has a high input impedance and low output impedance. This design ensures it minimally loads the input signal while providing sufficient current to drive the load. The high input impedance prevents the buffer from drawing significant current from the source, maintaining the integrity of the input signal. Meanwhile, the low output impedance allows it to deliver the necessary current to the load without significant voltage drop, efficiently driving the load without distortion.",https://qkbjnciqtosdvknjsqeo.supabase.co/storage/v1/object/public/images/public/Voltage-Buffer.png?,https://qkbjnciqtosdvknjsqeo.supabase.co/storage/v1/object/public/images/public/Voltage-Buffer.png?
How does the control of the base current in an NPN transistor enable it to function as both an amplifier and a switch in electronic circuits?,"In an NPN transistor, the control of the base current allows it to function as an amplifier or a switch by regulating the current flow between the collector and emitter. As an amplifier, a small base current allows a much larger collector current, thus amplifying the input signal. As a switch, sufficient base current drives the transistor into saturation, allowing maximum current through the collector, turning the ""switch"" on, while cutting off the base current turns the ""switch"" off.",https://qkbjnciqtosdvknjsqeo.supabase.co/storage/v1/object/public/images/public/Transistor-Operation1.jpg?,https://qkbjnciqtosdvknjsqeo.supabase.co/storage/v1/object/public/images/public/Transistor-Operation1.jpg?
How does the movement of charge carriers within a PNP transistor enable it to amplify or switch electronic signals?,"In a PNP transistor, when the base is negatively biased relative to the emitter, charge carriers (holes) move from the emitter to the base, enabling a small base current to control a larger emitter-to-collector current. This results in signal amplification. For switching, the transistor is toggled between saturation (on) and cutoff (off) states by controlling the base current.",https://qkbjnciqtosdvknjsqeo.supabase.co/storage/v1/object/public/images/public/Transistor-Operation.jpg?,https://qkbjnciqtosdvknjsqeo.supabase.co/storage/v1/object/public/images/public/Transistor-Operation.jpg?
How does the choice between using a PNP or NPN transistor impact the design and efficiency of an electronic circuit?,"The choice between using a PNP or NPN transistor affects the design and efficiency of an electronic circuit mainly in terms of current flow and voltage levels. NPN transistors, which require a positive voltage to the base relative to the emitter for operation, are typically used in circuits where a positive supply voltage is the norm. They are generally considered faster and more efficient for switching applications. PNP transistors, requiring a negative base relative to the emitter, are suitable when the circuit design includes a negative or dual power supply. This choice impacts the circuit's biasing and load-driving capabilities, influencing the overall design and efficiency relative to the application's requirements.",https://qkbjnciqtosdvknjsqeo.supabase.co/storage/v1/object/public/images/public/Transistor-PNP-NPN.png?,https://qkbjnciqtosdvknjsqeo.supabase.co/storage/v1/object/public/images/public/npn_and_pnp_transistor.png?
How does the use of a Thevenin equivalent circuit facilitate the analysis and optimization of power delivery in electronic systems?,"The Thevenin equivalent circuit simplifies complex networks into a single voltage source and series resistance, making analysis and optimization of power delivery easier by reducing circuit complexity, allowing straightforward calculations of load voltage, current, and maximizing power transfer efficiency.",https://qkbjnciqtosdvknjsqeo.supabase.co/storage/v1/object/public/images/public/Thevenin-circuit.png?,https://qkbjnciqtosdvknjsqeo.supabase.co/storage/v1/object/public/images/public/Thevenin-circuit.png?
How did the advent and evolution of digital logic technology contribute to the transition from RTL circuits to other modern digital logic families like TTL and CMOS?,"The advent of digital logic technology allowed for the miniaturization and integration of components, improving performance and efficiency over RTL (resistor-transistor logic). TTL (transistor-transistor logic) offered greater speed and noise immunity, while later, CMOS (complementary metal-oxide-semiconductor) technology provided higher scalability and lower power consumption, enabling the creation of more complex and compact circuits. This evolution led to more advanced and energy-efficient digital logic families, supporting the development of modern electronics.",https://qkbjnciqtosdvknjsqeo.supabase.co/storage/v1/object/public/images/public/Resistor-Transistor-Logic.png?,https://qkbjnciqtosdvknjsqeo.supabase.co/storage/v1/object/public/images/public/Resistor-Transistor-Logic.png?
How does the negative resistance characteristic of a Unijunction Transistor facilitate the generation of oscillating signals in an electronic circuit?,"The negative resistance characteristic of a Unijunction Transistor (UJT) enables it to generate oscillating signals by allowing it to switch between high and low resistance states. When a UJT is triggered, it momentarily enters a negative resistance region where the voltage across it decreases as the current increases. This behavior allows for the building of relaxation oscillators, as it causes the UJT to periodically switch states, creating oscillations.",https://qkbjnciqtosdvknjsqeo.supabase.co/storage/v1/object/public/images/public/Unijunction-Transistor-OSCILLATOR.png?,https://qkbjnciqtosdvknjsqeo.supabase.co/storage/v1/object/public/images/public/Unijunction-Transistor-OSCILLATOR.png?
How does the dual slope ADC's ability to reject noise contribute to its preference for high-precision applications in comparison to other ADC types?,"The dual slope ADC's ability to reject noise is due to its integration process, which averages out noise over a period of time during the conversion cycle. This characteristic makes it ideal for high-precision applications as it reduces the impact of transient noise and interference, providing more accurate and stable measurements compared to other ADC types.",https://qkbjnciqtosdvknjsqeo.supabase.co/storage/v1/object/public/images/public/SLope.png?,https://qkbjnciqtosdvknjsqeo.supabase.co/storage/v1/object/public/images/public/SLope.png?
How does the Q-factor influence the stability and precision of frequency signals in electronic circuits?,"The Q-factor, or quality factor, influences the stability and precision of frequency signals in electronic circuits by determining the selectivity and bandwidth of resonant circuits. A higher Q-factor indicates a narrower bandwidth and higher selectivity, leading to more stable and precise frequency signals as it reduces the impact of noise and external interferences. However, it makes the circuit more sensitive to component variations.",https://qkbjnciqtosdvknjsqeo.supabase.co/storage/v1/object/public/images/public/Series-Paralell-Resonance-Crystal-Oscillators.jpg?,https://qkbjnciqtosdvknjsqeo.supabase.co/storage/v1/object/public/images/public/Series-Paralell-Resonance-Crystal-Oscillators.jpg?
How does the adjustment of the RC networks in a Phase Shift Oscillator Circuit enable its use in frequency synthesis applications?,"Adjusting the RC networks in a Phase Shift Oscillator Circuit alters the phase shift and frequency of the oscillation. By varying the resistor or capacitor values, the circuit can generate different frequencies, enabling it to be used in frequency synthesis applications for precise frequency generation and modulation.",https://qkbjnciqtosdvknjsqeo.supabase.co/storage/v1/object/public/images/public/RC-Phase-Shift-Oscillator-Circuit.jpg?,https://qkbjnciqtosdvknjsqeo.supabase.co/storage/v1/object/public/images/public/RC-Phase-Shift-Oscillator-Circuit.jpg?
How does the implementation of feedback channels in a Push-PULL communication system enhance real-time data exchange and accuracy between interconnected systems?,"Feedback channels in a Push-PULL communication system enable real-time data exchange and accuracy by allowing for immediate error correction, confirmation of data receipt, and adaptive control of data flow. This ensures that the transmitting and receiving systems are synchronized, reduces data loss, and improves overall communication efficiency.",https://qkbjnciqtosdvknjsqeo.supabase.co/storage/v1/object/public/images/public/Push-PULL.png?,https://qkbjnciqtosdvknjsqeo.supabase.co/storage/v1/object/public/images/public/Push-PULL.png?
How do the different configurations of photodiode electrodes impact their performance and suitability for specific applications?,"Different configurations of photodiode electrodes, such as planar, interdigitated, and vertical, impact performance characteristics like speed, sensitivity, and dark current. Planar configurations are simple and cost-effective but may have slower response times. Interdigitated designs offer higher speed and sensitivity, making them suitable for fast optical communication. Vertical structures can provide greater efficiency and lower dark current, ideal for high-performance detectors. The choice depends on the application's specific requirements such as speed, sensitivity, and cost.",https://qkbjnciqtosdvknjsqeo.supabase.co/storage/v1/object/public/images/public/Photodiode.png?,https://qkbjnciqtosdvknjsqeo.supabase.co/storage/v1/object/public/images/public/Photodiode.png?
How does the arrangement and biasing of a PNP-BJT influence its ability to amplify and switch signals in electronic circuits?,"The arrangement and biasing of a PNP-BJT (Bipolar Junction Transistor) influence its ability to amplify and switch signals by controlling the flow of current through its three terminals: emitter, base, and collector. In the active region for amplification, the emitter-base junction is forward-biased, and the collector-base junction is reverse-biased. This configuration allows a small input current at the base to control a larger current between the emitter and collector, facilitating amplification. For switching operations, biasing the transistor in the cutoff (both junctions reverse-biased) and saturation (both junctions forward-biased) regions allows the PNP-BJT to act as an open or closed switch, respectively. Proper biasing ensures efficient performance in either application.",https://qkbjnciqtosdvknjsqeo.supabase.co/storage/v1/object/public/images/public/PNP-BIPOLAR-Junction.png?,https://qkbjnciqtosdvknjsqeo.supabase.co/storage/v1/object/public/images/public/Transistor-Operation1.jpg?
How did the evolution from Diode-Transistor-Logic (DTL) to modern Integrated Circuits (ICs) impact the complexity and efficiency of digital electronics?,"The evolution from Diode-Transistor-Logic (DTL) to modern Integrated Circuits (ICs) greatly increased the complexity and efficiency of digital electronics by enabling higher integration levels, reducing power consumption, increasing processing speed, minimizing size, and improving reliability. Modern ICs, such as microprocessors and ASICs, can contain billions of transistors, allowing for more complex computations and functionalities within a single chip.",https://qkbjnciqtosdvknjsqeo.supabase.co/storage/v1/object/public/images/public/Diode-Transistor-Logic.png?,https://qkbjnciqtosdvknjsqeo.supabase.co/storage/v1/object/public/images/public/mosfet.jpg?
How does the ability of a Gate-Turn-Off-Thyristor (GTO) to shut off current by applying a negative gate voltage contribute to its effectiveness in renewable energy systems?,"The ability of a GTO to shut off current by applying a negative gate voltage allows for precise control of power in renewable energy systems, enhancing efficiency and reliability. This capability enables effective switching and regulation of electrical power, which is crucial for converting and managing energy from renewable sources like wind and solar.",https://qkbjnciqtosdvknjsqeo.supabase.co/storage/v1/object/public/images/public/Gate-Turn-Off-Thyristor.jpg?,https://qkbjnciqtosdvknjsqeo.supabase.co/storage/v1/object/public/images/public/Gate-Turn-Off-Thyristor.jpg?
"How do the properties of high sensitivity, low power consumption, and high speed of IR-Diodes contribute to their effectiveness in remote controls and motion sensors?","High sensitivity of IR-Diodes allows them to detect small signals, enhancing their ability to operate effectively even with low signal strength. Low power consumption ensures long battery life, crucial for remote controls and motion sensors that are expected to function for extended periods without frequent battery changes. High speed enables quick response times, essential for the performance and reliability needed in rapidly responding devices like remote controls and motion sensors.",https://qkbjnciqtosdvknjsqeo.supabase.co/storage/v1/object/public/images/public/Infrared-Diode.png?,https://qkbjnciqtosdvknjsqeo.supabase.co/storage/v1/object/public/images/public/Infrared-Diode.png?
How does the decrease in resistance of a Light-Dependent Resistor with increasing light intensity allow it to play a role in automatic lighting systems?,"The decrease in resistance of a Light-Dependent Resistor (LDR) with increasing light intensity allows it to trigger automatic lighting systems by acting as a sensor. As light intensity increases, the resistance of the LDR drops, causing a change in the circuit's electrical characteristics, which can be detected by a microcontroller or relay. This change can then be used to turn off lights when ambient light levels are sufficient, and turn them on when it gets dark, thereby enabling energy-efficient lighting control.",https://qkbjnciqtosdvknjsqeo.supabase.co/storage/v1/object/public/images/public/Light-Dependent-Resistor.jpg?,https://qkbjnciqtosdvknjsqeo.supabase.co/storage/v1/object/public/images/public/Light-Dependent-Resistor.jpg?
How might the adoption of LEDs influence the design and implementation of energy-efficient infrastructure in urban environments?,"The adoption of LEDs can significantly influence the design and implementation of energy-efficient infrastructure in urban environments by reducing energy consumption and maintenance costs. LEDs provide longer-lasting, more efficient lighting solutions compared to traditional options, enabling cities to lower electricity usage and reduce carbon footprints. Their versatility allows for innovative lighting designs and smart city integrations, improving visual appeal and public safety. Furthermore, the reduced heat output and directional lighting capabilities of LEDs offer opportunities for integrating with renewable energy sources, enhancing overall sustainability in urban infrastructure.",https://qkbjnciqtosdvknjsqeo.supabase.co/storage/v1/object/public/images/public/Light-Emitting-Diode.jpg?,https://qkbjnciqtosdvknjsqeo.supabase.co/storage/v1/object/public/images/public/Light-Emitting-Diode.jpg?
How does the understanding of the Miller effect impact the accuracy and efficiency of tuning in radio receiver circuits?,"The Miller effect impacts radio receiver circuits by affecting the input capacitance, thus influencing the bandwidth and stability. Understanding this effect allows engineers to mitigate its impact, improving the tuning accuracy by carefully selecting components to manage the increased capacitance that can alter frequency response and efficiency.",https://qkbjnciqtosdvknjsqeo.supabase.co/storage/v1/object/public/images/public/Miller-effect-capacitance.png?,https://qkbjnciqtosdvknjsqeo.supabase.co/storage/v1/object/public/images/public/Miller-effect-capacitance.png?
How does the high impedance of an operational amplifier contribute to its effectiveness in signal processing applications?,"The high input impedance of an operational amplifier minimizes the loading effect on the input signal, allowing it to accurately process weak signals without drawing significant current. This characteristic is crucial for maintaining signal integrity in signal processing applications.",https://qkbjnciqtosdvknjsqeo.supabase.co/storage/v1/object/public/images/public/Operational-Amplifier.png?,https://qkbjnciqtosdvknjsqeo.supabase.co/storage/v1/object/public/images/public/Voltage-Buffer.png?
How does the high input impedance of an n-channel FET contribute to its effectiveness in electronic circuit applications?,"The high input impedance of an n-channel FET minimizes the loading effect on previous circuit stages, ensuring signal integrity and allowing it to interface with high-impedance signal sources effectively. This characteristic makes FETs ideal for applications like amplifiers and buffers, where maintaining signal quality is crucial.",https://qkbjnciqtosdvknjsqeo.supabase.co/storage/v1/object/public/images/public/Field-Effect-Transistor1.jpg?,https://qkbjnciqtosdvknjsqeo.supabase.co/storage/v1/object/public/images/public/Field-Effect-Transistor.jpg?
How does Norton's theorem play a critical role in optimizing the efficiency and accuracy of circuit simulation and modeling in power electronics and control systems?,"Norton's theorem simplifies complex circuits into a single current source and parallel resistance, making it easier to analyze and model power electronic and control systems. This simplification enhances efficiency by reducing computational load and improves accuracy by focusing on essential circuit behaviors, facilitating easier integration and simulation processes.",https://qkbjnciqtosdvknjsqeo.supabase.co/storage/v1/object/public/images/public/Norton.png?,https://qkbjnciqtosdvknjsqeo.supabase.co/storage/v1/object/public/images/public/Norton.png?
How does the reverse-bias operation of a Zener diode contribute to its role in overvoltage protection in electronic circuits?,"The reverse-bias operation of a Zener diode allows it to maintain a constant voltage across it when the input voltage exceeds a specific value, known as the Zener breakdown voltage. This property makes it ideal for overvoltage protection, as it safely conducts excess current to prevent voltage spikes from damaging electronic components.",https://qkbjnciqtosdvknjsqeo.supabase.co/storage/v1/object/public/images/public/zener-diode.jpeg?,https://qkbjnciqtosdvknjsqeo.supabase.co/storage/v1/object/public/images/public/zener-diode.jpeg?
How does the selection of dielectric material impact the performance characteristics of a capacitor in electronic circuits?,"The selection of dielectric material in a capacitor impacts its capacitance, voltage rating, stability, and temperature coefficient. Different materials offer varying levels of permittivity, which directly affects the capacitance value. The dielectric also influences the capacitor's breakdown voltage, affecting its voltage rating. Additionally, the stability of capacitance over temperature changes and the dielectric's loss tangent, which affects efficiency and heat generation, are key performance characteristics influenced by the chosen material.",https://qkbjnciqtosdvknjsqeo.supabase.co/storage/v1/object/public/images/public/capacitor.jpg?,https://qkbjnciqtosdvknjsqeo.supabase.co/storage/v1/object/public/images/public/capacitor.jpg?
How does the versatility and configurability of the 555 timer IC contribute to its widespread use in both professional engineering and hobbyist electronics projects?,"The versatility and configurability of the 555 timer IC contribute to its widespread use due to its ability to operate in various modes (astable, monostable, and bistable), its wide operating voltage range, and its capacity to drive loads. These features make it adaptable for numerous applications, such as timing, pulse generation, and oscillation, catering to both professional engineers and hobbyists.",https://qkbjnciqtosdvknjsqeo.supabase.co/storage/v1/object/public/images/public/555_Timer_IC.jpg?,https://qkbjnciqtosdvknjsqeo.supabase.co/storage/v1/object/public/images/public/555_Timer_IC.jpg?
How does the stability of an Astable Multivibrator's output waveform despite variations in input voltage or temperature contribute to its widespread use in electronic applications?,"The stability of an Astable Multivibrator's output waveform despite variations in input voltage or temperature ensures consistent frequency and duty cycle, making it reliable for timing applications, signal generation, and clock pulses, which heavily contributes to its widespread use in electronic applications.",https://qkbjnciqtosdvknjsqeo.supabase.co/storage/v1/object/public/images/public/Astable_Multivibrator.jpg?,https://qkbjnciqtosdvknjsqeo.supabase.co/storage/v1/object/public/images/public/Astable_Multivibrator.jpg?
How do comparators bridge the functionality between analog and digital systems in electronic engineering applications?,"Comparators convert analog signals into digital by outputting binary states based on voltage levels, enabling communication between analog and digital components in electronic systems.",https://qkbjnciqtosdvknjsqeo.supabase.co/storage/v1/object/public/images/public/Comparator.jpg?,https://qkbjnciqtosdvknjsqeo.supabase.co/storage/v1/object/public/images/public/Comparator.jpg?
How does the selection of breakover voltage in a DIAC influence the performance and efficiency of the circuits it is used in?,"The selection of breakover voltage in a DIAC influences the triggering characteristics and stability of the circuit. A lower breakover voltage allows the DIAC to trigger more easily, which can improve the responsiveness of circuits like light dimmers or motor speed controllers. However, it may also lead to increased sensitivity to noise. A higher breakover voltage provides better noise immunity but may require higher input levels to trigger. Thus, choosing the appropriate breakover voltage is crucial for balancing performance, efficiency, and stability in the circuit's intended application.",https://qkbjnciqtosdvknjsqeo.supabase.co/storage/v1/object/public/images/public/DIAC.png?,https://qkbjnciqtosdvknjsqeo.supabase.co/storage/v1/object/public/images/public/DIAC.png?
How can understanding the load line in transistor design contribute to preventing overheating and ensuring the longevity of electronic circuits?,"Understanding the load line in transistor design helps prevent overheating and ensure longevity by determining optimal operating points (Q-points) for power dissipation, ensuring that the transistor functions within safe limits. This prevents excessive current and voltage that could lead to overheating, thus enhancing the reliability and lifespan of the electronic circuits.",https://qkbjnciqtosdvknjsqeo.supabase.co/storage/v1/object/public/images/public/Load_analysis_transistor.jpg?,https://qkbjnciqtosdvknjsqeo.supabase.co/storage/v1/object/public/images/public/Load_analysis_transistor.jpg?
How does the unipolar nature of an N-channel FET contribute to its efficiency in electronic applications?,"The unipolar nature of an N-channel FET, which uses only electrons as charge carriers, leads to higher mobility compared to bipolar transistors. This results in faster operation, lower on-resistance, and lower power losses, thereby enhancing efficiency in electronic applications.",https://qkbjnciqtosdvknjsqeo.supabase.co/storage/v1/object/public/images/public/N_CHANNEL_FET.jpg?,https://qkbjnciqtosdvknjsqeo.supabase.co/storage/v1/object/public/images/public/N_CHANNEL_FET.jpg?
How does the ability of an N-JFET to act as a voltage-controlled resistor impact its role in critical systems like medical equipment and communication systems?,"The ability of an N-JFET to act as a voltage-controlled resistor allows for precise control of analog signals, making it valuable in critical systems like medical equipment and communication systems. Its low noise, high input impedance, and ability to operate over a wide frequency range ensure accurate signal processing and reliability, which are crucial for maintaining the performance and safety of such systems.",https://qkbjnciqtosdvknjsqeo.supabase.co/storage/v1/object/public/images/public/N_JFET.png?,https://qkbjnciqtosdvknjsqeo.supabase.co/storage/v1/object/public/images/public/non-inverting-amplifier-circuit.jpg?
How does the complementary combination of NMOS and PMOS transistors in CMOS technology influence the efficiency and functionality of modern electronic devices?,"The complementary combination of NMOS and PMOS transistors in CMOS technology increases efficiency by reducing power consumption, as only one type of transistor (either NMOS or PMOS) is active during switching, minimizing power dissipation. It enhances functionality by providing faster switching speeds and greater noise immunity due to the low power draw, which allows for more complex and reliable electronic devices.",https://qkbjnciqtosdvknjsqeo.supabase.co/storage/v1/object/public/images/public/NMOS_PMOS.png?,https://qkbjnciqtosdvknjsqeo.supabase.co/storage/v1/object/public/images/public/NMOS_PMOS.png?
How can the principles of an OP_AMP_SUBSTRACTOR be applied to enhance the precision and efficiency of modern audio processing techniques?,"The principles of an OP_AMP_SUBTRACTOR can enhance audio processing by allowing for precise subtraction of unwanted signals or noise from audio inputs. By accurately differentiating between desired and undesired signals, these substractors improve clarity and reduce distortion, leading to more efficient audio filtering and mixing processes in modern audio equipment.",https://qkbjnciqtosdvknjsqeo.supabase.co/storage/v1/object/public/images/public/OP_AMP_SUBSTRACTOR.jpg?,https://qkbjnciqtosdvknjsqeo.supabase.co/storage/v1/object/public/images/public/inverting-amplifier-circuit.jpg?
How do the characteristics of high input impedance and low noise in P-channel FETs influence their performance in analog circuits like amplifiers and filters?,"High input impedance in P-channel FETs minimizes the loading effect on preceding circuit stages, preserving the integrity of the input signal. Low noise characteristics ensure clean signal amplification, improving overall performance in analog circuits like amplifiers and filters by maintaining signal clarity and reducing unwanted interference.",https://qkbjnciqtosdvknjsqeo.supabase.co/storage/v1/object/public/images/public/P_CHANNEL_FET.jpg?,https://qkbjnciqtosdvknjsqeo.supabase.co/storage/v1/object/public/images/public/P_CHANNEL_FET.jpg?
How does the high input impedance of a p-type JFET influence its effectiveness in audio equipment applications?,"The high input impedance of a p-type JFET makes it effective in audio equipment applications because it allows the JFET to act as an excellent signal buffer, minimizing loading on the preceding stage and preserving signal integrity.",https://qkbjnciqtosdvknjsqeo.supabase.co/storage/v1/object/public/images/public/P_JFET.png?,https://qkbjnciqtosdvknjsqeo.supabase.co/storage/v1/object/public/images/public/P_JFET.png?
How does the design and functionality of power transistors enable them to handle high current and voltage levels in various applications?,"Power transistors are designed with larger physical structures and robust materials to handle high current and voltage. They feature a wide base-width to facilitate efficient heat dissipation and a high breakdown voltage to withstand large voltage levels. Additionally, they have low on-resistance which minimizes power loss. These factors combined enable them to efficiently manage high power levels in applications such as motor drives, power supplies, and RF amplifiers.",https://qkbjnciqtosdvknjsqeo.supabase.co/storage/v1/object/public/images/public/Power_Transistor.jpg?,https://qkbjnciqtosdvknjsqeo.supabase.co/storage/v1/object/public/images/public/Power_Transistor.jpg?
In what ways does the rectification process enhance the efficiency and reliability of power management systems in various industrial applications?,"The rectification process enhances efficiency and reliability in power management systems by converting AC to DC, which reduces energy losses, ensures stable and consistent power supply, enables precise control of electrical output, and supports the operation of sensitive electronic components critical in industrial applications.",https://qkbjnciqtosdvknjsqeo.supabase.co/storage/v1/object/public/images/public/rectification.jpg?,https://qkbjnciqtosdvknjsqeo.supabase.co/storage/v1/object/public/images/public/rectification.jpg?
How does the ability of SCRs to remain in the on-state after being triggered impact their use in renewable energy systems?,"SCRs' ability to remain in the on-state after being triggered allows them to effectively control and manage power flow in renewable energy systems, ensuring efficient energy conversion and reliability in applications like inverters and grid interfacing.",https://qkbjnciqtosdvknjsqeo.supabase.co/storage/v1/object/public/images/public/SCR.png?,https://qkbjnciqtosdvknjsqeo.supabase.co/storage/v1/object/public/images/public/SCR.png?
How might the understanding of conductivity classifications in materials influence the innovation and advancement of newer technologies like nanotechnology and graphene-based devices?,"Understanding conductivity classifications in materials is crucial for innovations in nanotechnology and graphene-based devices because it helps identify suitable materials for specific applications. Knowledge of conductive, semiconductive, and insulative properties enables the engineering of materials at the nanoscale to optimize performance, efficiency, and functionality. This understanding facilitates the development of advanced electronic components, sensors, and energy devices by selecting the right materials to achieve the desired electronic properties and performance.",https://qkbjnciqtosdvknjsqeo.supabase.co/storage/v1/object/public/images/public/metal_semiconductor_insulator.jpg?,https://qkbjnciqtosdvknjsqeo.supabase.co/storage/v1/object/public/images/public/metal_semiconductor_insulator.jpg?
How does the ability of a Center-Tapped Transformer to provide two separate voltage outputs contribute to its role in stabilizing power supply in electronic devices?,"A center-tapped transformer allows for the provision of both a positive and negative voltage output from a single secondary winding, facilitating dual voltage supplies. This capability helps stabilize power in electronic devices by providing simultaneous access to different voltage levels, which are often required for balanced and efficient operation within the circuitry, reducing noise and improving overall device performance.",https://qkbjnciqtosdvknjsqeo.supabase.co/storage/v1/object/public/images/public/Center_Tapped_Transformer.png?,https://qkbjnciqtosdvknjsqeo.supabase.co/storage/v1/object/public/images/public/Center_Tapped_Transformer.png?
How does the inverting amplifier's ability to control output signal amplitude impact its use in advanced audio processing applications?,"The inverting amplifier's ability to control output signal amplitude by adjusting the gain makes it highly valuable in advanced audio processing. It allows for precise manipulation of audio signals, enabling tasks such as volume control, equalization, and signal modulation with minimal distortion. This precision and flexibility contribute to higher fidelity audio reproduction and enhanced sound quality in various applications.",https://qkbjnciqtosdvknjsqeo.supabase.co/storage/v1/object/public/images/public/inverting-amplifier-circuit.jpg?,https://qkbjnciqtosdvknjsqeo.supabase.co/storage/v1/object/public/images/public/inverting-amplifier-circuit.jpg?
How does the high input impedance of a non-inverting amplifier circuit benefit its use in medical devices and instrumentation?,"The high input impedance of a non-inverting amplifier ensures that it minimally loads the source signal, preserving signal integrity and accuracy, which is particularly beneficial in medical devices and instrumentation where precise and undistorted measurements are crucial.",https://qkbjnciqtosdvknjsqeo.supabase.co/storage/v1/object/public/images/public/non-inverting-amplifier-circuit.jpg?,https://qkbjnciqtosdvknjsqeo.supabase.co/storage/v1/object/public/images/public/non-inverting-amplifier-circuit.jpg?
How does the function of an 8-to-3 encoder contribute to more efficient data storage and transmission in digital systems?,"An 8-to-3 encoder reduces data size by converting 8 input lines into a 3-bit binary code, effectively compressing the information. This minimizes the number of bits required for data representation, leading to more efficient data storage and faster transmission in digital systems.",https://qkbjnciqtosdvknjsqeo.supabase.co/storage/v1/object/public/images/public/8_to_3_encoder.jpg?,https://qkbjnciqtosdvknjsqeo.supabase.co/storage/v1/object/public/images/public/8_to_3_encoder.jpg?
How do combinations of basic logic gates enable the execution of complex tasks in digital devices?,"Combinations of basic logic gates, like AND, OR, and NOT, form circuits that perform binary operations. These circuits execute complex tasks by processing binary data, allowing digital devices to perform functions like arithmetic operations, data storage, and decision-making based on input conditions. Through organized layers and sequences of these gates, complex computations and processes are achieved.",https://qkbjnciqtosdvknjsqeo.supabase.co/storage/v1/object/public/images/public/logic_gates.jpg?,https://qkbjnciqtosdvknjsqeo.supabase.co/storage/v1/object/public/images/public/logic_gates.jpg?
How might the use of XNOR gates in digital communication systems enhance the reliability of data transmission?,XNOR gates can enhance the reliability of data transmission by providing error detection and correction capabilities. They can be used in parity check mechanisms to identify errors in transmitted data and ensure data integrity by verifying that the received data matches the expected parity pattern.,https://qkbjnciqtosdvknjsqeo.supabase.co/storage/v1/object/public/images/public/XNOR_gate.png?,https://qkbjnciqtosdvknjsqeo.supabase.co/storage/v1/object/public/images/public/XNOR_gate.png?
How does the function of an N-to-2^N decoder illustrate the importance of binary to decimal conversion in digital electronic systems?,"An N-to-2^N decoder demonstrates the importance of binary to decimal conversion by taking N binary inputs and activating one of 2^N outputs. This conversion is crucial in digital systems for tasks like memory address decoding, where binary addresses are translated into specific memory locations, enabling precise data retrieval and processing.",https://qkbjnciqtosdvknjsqeo.supabase.co/storage/v1/object/public/images/public/n_to_2_power_n_decoder.jpg?,https://qkbjnciqtosdvknjsqeo.supabase.co/storage/v1/object/public/images/public/n_to_2_power_n_decoder.jpg?
How does the role of a 3-to-8 decoder in electronic systems highlight the importance of binary-to-decimal conversion for efficient memory address decoding and control signal implementation?,"A 3-to-8 decoder in electronic systems converts a 3-bit binary input into one of eight outputs, facilitating memory address decoding and control signal implementation. This binary-to-decimal conversion is crucial because it allows the system to efficiently select one specific line out of eight, which is key for accessing, enabling, or controlling different parts of a circuit or memory block. This simplifies the design and operation of digital systems, ensuring precise and efficient data handling.",https://qkbjnciqtosdvknjsqeo.supabase.co/storage/v1/object/public/images/public/3_to_8_decoder.jpg?,https://qkbjnciqtosdvknjsqeo.supabase.co/storage/v1/object/public/images/public/3_to_8_decoder.jpg?
How do the characteristics of MOSFETs contribute to their widespread use in high-frequency and power-efficient applications?,"MOSFETs (Metal-Oxide-Semiconductor Field-Effect Transistors) are widely used in high-frequency and power-efficient applications due to their high input impedance, which minimizes power consumption, and their fast switching speed, making them ideal for high-frequency operations. Additionally, MOSFETs have a low on-resistance, which reduces power loss during operation. These characteristics make them efficient and effective in a wide range of electrical and electronic systems.",https://qkbjnciqtosdvknjsqeo.supabase.co/storage/v1/object/public/images/public/mosfet.jpg?,https://qkbjnciqtosdvknjsqeo.supabase.co/storage/v1/object/public/images/public/mosfet.jpg?
How does the principle of charge carriers influence the choice between using an NPN or a PNP transistor in a given electronic circuit application?,"The principle of charge carriers influences the choice between NPN and PNP transistors based on the type of current flow and biasing required in the circuit. NPN transistors use electrons as the majority charge carriers, leading to faster switching speeds, making them suitable for high-speed applications. They require a positive voltage to the base to operate. PNP transistors, on the other hand, use holes as charge carriers and require a negative voltage to the base. They are often used when the load is connected to the ground for ease of control. The choice depends on circuit design and power supply configuration.",https://qkbjnciqtosdvknjsqeo.supabase.co/storage/v1/object/public/images/public/npn_and_pnp_transistor.png?,https://qkbjnciqtosdvknjsqeo.supabase.co/storage/v1/object/public/images/public/npn_and_pnp_transistor.png?
